<Bindings>
	<Binding name="OUTFITTER_OUTFIT1" header="OUTFITTER_TITLE">
		Outfitter_WearBoundOutfit(1);
	</Binding>
	<Binding name="OUTFITTER_OUTFIT2">
		Outfitter_WearBoundOutfit(2);
	</Binding>
	<Binding name="OUTFITTER_OUTFIT3">
		Outfitter_WearBoundOutfit(3);
	</Binding>
	<Binding name="OUTFITTER_OUTFIT4">
		Outfitter_WearBoundOutfit(4);
	</Binding>
	<Binding name="OUTFITTER_OUTFIT5">
		Outfitter_WearBoundOutfit(5);
	</Binding>
	<Binding name="OUTFITTER_OUTFIT6">
		Outfitter_WearBoundOutfit(6);
	</Binding>
	<Binding name="OUTFITTER_OUTFIT7">
		Outfitter_WearBoundOutfit(7);
	</Binding>
	<Binding name="OUTFITTER_OUTFIT8">
		Outfitter_WearBoundOutfit(8);
	</Binding>
	<Binding name="OUTFITTER_OUTFIT9">
		Outfitter_WearBoundOutfit(9);
	</Binding>
	<Binding name="OUTFITTER_OUTFIT10">
		Outfitter_WearBoundOutfit(10);
	</Binding>
</Bindings>
